table_name,column_name,column_type
personalized_recommendations,id,"""uuid"" DEFAULT ""extensions"".""uuid_generate_v4""() NOT NULL"
personalized_recommendations,user_id,"""uuid"" NOT NULL"
personalized_recommendations,book_id,bigint NOT NULL
personalized_recommendations,recommendation_type,"""text"" NOT NULL"
personalized_recommendations,score,double precision NOT NULL
personalized_recommendations,explanation,"""text"""
personalized_recommendations,is_dismissed,boolean DEFAULT false
personalized_recommendations,created_at,"timestamp with time zone DEFAULT ""now""()"
personalized_recommendations,updated_at,"timestamp with time zone DEFAULT ""now""()"
friends,id,"""uuid"" DEFAULT ""gen_random_uuid""() NOT NULL"
friends,user_id,"""uuid"" NOT NULL"
friends,friend_id,"""uuid"" NOT NULL"
friends,status,"""text"" DEFAULT 'pending'::""text"" NOT NULL"
friends,requested_at,"timestamp with time zone DEFAULT ""now""() NOT NULL"
friends,responded_at,timestamp with time zone
friends,requested_by,"""uuid"" NOT NULL"
friends,created_at,"timestamp with time zone DEFAULT ""now""()"
friends,updated_at,"timestamp with time zone DEFAULT ""now""()"
users,id,"""uuid"" NOT NULL"
users,email,character varying(255)
users,name,character varying(255)
users,created_at,timestamp with time zone DEFAULT CURRENT_TIMESTAMP
users,updated_at,timestamp with time zone DEFAULT CURRENT_TIMESTAMP
users,role_id,"""uuid"""
activities,id,"""uuid"" DEFAULT ""extensions"".""uuid_generate_v4""() NOT NULL"
activities,user_id,"""uuid"" NOT NULL"
activities,activity_type,"""text"" NOT NULL"
activities,review_id,"""uuid"""
activities,list_id,"""uuid"""
activities,data,"""jsonb"""
activities,created_at,"timestamp with time zone DEFAULT ""now""()"
activities,user_profile_id,"""uuid"""
activities,group_id,"""uuid"""
activities,event_id,"""uuid"""
activities,book_id,"""uuid"""
activities,author_id,"""uuid"""
activity_log,id,"""uuid"" DEFAULT ""gen_random_uuid""() NOT NULL"
activity_log,user_id,"""uuid"""
activity_log,action,"""text"" NOT NULL"
activity_log,target_type,"""text"""
activity_log,target_id,"""uuid"""
activity_log,data,"""jsonb"""
activity_log,created_at,"timestamp with time zone DEFAULT ""now""() NOT NULL"
album_analytics,id,"""uuid"" DEFAULT ""extensions"".""uuid_generate_v4""() NOT NULL"
album_analytics,album_id,"""uuid"" NOT NULL"
album_analytics,date,"""date"" NOT NULL"
album_analytics,views,integer DEFAULT 0
album_analytics,unique_views,integer DEFAULT 0
album_analytics,shares,integer DEFAULT 0
album_analytics,likes,integer DEFAULT 0
album_analytics,created_at,"timestamp with time zone DEFAULT ""now""()"
album_images,id,"""uuid"" DEFAULT ""extensions"".""uuid_generate_v4""() NOT NULL"
album_images,album_id,"""uuid"" NOT NULL"
album_images,image_id,"""uuid"" NOT NULL"
album_images,display_order,integer NOT NULL
album_images,is_cover,boolean DEFAULT false
album_images,is_featured,boolean DEFAULT false
album_images,metadata,"""jsonb"""
album_images,created_at,"timestamp with time zone DEFAULT ""now""()"
album_images,updated_at,"timestamp with time zone DEFAULT ""now""()"
album_shares,id,"""uuid"" DEFAULT ""extensions"".""uuid_generate_v4""() NOT NULL"
album_shares,album_id,"""uuid"" NOT NULL"
album_shares,shared_by,"""uuid"" NOT NULL"
album_shares,shared_with,"""uuid"""
album_shares,share_type,character varying(50) NOT NULL
album_shares,access_token,"""uuid"""
album_shares,expires_at,timestamp with time zone
album_shares,created_at,"timestamp with time zone DEFAULT ""now""()"
album_shares,updated_at,"timestamp with time zone DEFAULT ""now""()"
authors,id,"""uuid"" DEFAULT ""gen_random_uuid""() NOT NULL"
authors,name,"""text"" NOT NULL"
authors,bio,"""text"""
authors,featured,boolean DEFAULT false
authors,birth_date,"""date"""
authors,nationality,"""text"""
authors,website,"""text"""
authors,author_image_id,"""uuid"""
authors,author_gallery_id,integer
authors,twitter_handle,"""text"""
authors,facebook_handle,"""text"""
authors,instagram_handle,"""text"""
authors,goodreads_url,"""text"""
authors,cover_image_id,"""uuid"""
authors,created_at,"timestamp with time zone DEFAULT ""now""()"
authors,updated_at,"timestamp with time zone DEFAULT ""now""()"
binding_types,id,"""uuid"" DEFAULT ""extensions"".""uuid_generate_v4""() NOT NULL"
binding_types,name,character varying
binding_types,description,"""text"""
binding_types,created_at,timestamp with time zone
binding_types,updated_at,timestamp with time zone
blocks,id,"""uuid"" DEFAULT ""gen_random_uuid""() NOT NULL"
blocks,user_id,"""uuid"" NOT NULL"
blocks,blocked_user_id,"""uuid"" NOT NULL"
blocks,created_at,"timestamp with time zone DEFAULT ""now""() NOT NULL"
book_authors,id,"""uuid"" DEFAULT ""extensions"".""uuid_generate_v4""() NOT NULL"
book_authors,book_id,"""uuid"""
book_authors,author_id,"""uuid"""
book_authors,created_at,timestamp with time zone
book_authors,updated_at,timestamp with time zone
book_club_books,id,"""uuid"" DEFAULT ""extensions"".""uuid_generate_v4""() NOT NULL"
book_club_books,book_club_id,"""uuid"""
book_club_books,book_id,"""uuid"""
book_club_books,status,character varying
book_club_books,start_date,"""date"""
book_club_books,end_date,"""date"""
book_club_books,created_at,timestamp with time zone
book_club_books,created_by,"""uuid"""
book_club_discussion_comments,id,"""uuid"" DEFAULT ""extensions"".""uuid_generate_v4""() NOT NULL"
book_club_discussion_comments,discussion_id,"""uuid"" NOT NULL"
book_club_discussion_comments,content,"""text"" NOT NULL"
book_club_discussion_comments,created_by,"""uuid"" NOT NULL"
book_club_discussion_comments,created_at,"timestamp with time zone DEFAULT ""now""()"
book_club_discussion_comments,updated_at,"timestamp with time zone DEFAULT ""now""()"
book_club_discussions,id,"""uuid"" DEFAULT ""extensions"".""uuid_generate_v4""() NOT NULL"
book_club_discussions,book_club_id,"""uuid"" NOT NULL"
book_club_discussions,title,character varying(255) NOT NULL
book_club_discussions,content,"""text"""
book_club_discussions,created_by,"""uuid"" NOT NULL"
book_club_discussions,created_at,"timestamp with time zone DEFAULT ""now""()"
book_club_discussions,updated_at,"timestamp with time zone DEFAULT ""now""()"
book_club_discussions,is_pinned,boolean DEFAULT false
book_club_discussions,book_id,"""uuid"""
book_club_members,id,"""uuid"" DEFAULT ""extensions"".""uuid_generate_v4""() NOT NULL"
book_club_members,book_club_id,"""uuid"" NOT NULL"
book_club_members,user_id,"""uuid"" NOT NULL"
book_club_members,joined_at,"timestamp with time zone DEFAULT ""now""()"
book_club_members,role,character varying(50) DEFAULT 'member'::character varying
book_clubs,id,"""uuid"" DEFAULT ""extensions"".""uuid_generate_v4""() NOT NULL"
book_clubs,name,character varying(255) NOT NULL
book_clubs,description,"""text"""
book_clubs,cover_image_url,"""text"""
book_clubs,created_by,"""uuid"" NOT NULL"
book_clubs,created_at,"timestamp with time zone DEFAULT ""now""()"
book_clubs,updated_at,"timestamp with time zone DEFAULT ""now""()"
book_clubs,is_private,boolean DEFAULT false
book_clubs,member_count,integer DEFAULT 0
book_clubs,current_book_id,"""uuid"""
book_genre_mappings,id,"""uuid"" DEFAULT ""extensions"".""uuid_generate_v4""() NOT NULL"
book_genre_mappings,book_id,"""uuid"""
book_genre_mappings,genre_id,"""uuid"""
book_genres,id,"""uuid"" DEFAULT ""gen_random_uuid""() NOT NULL"
book_genres,name,"""text"" NOT NULL"
book_genres,description,"""text"""
book_genres,created_at,"timestamp with time zone DEFAULT ""now""()"
book_id_mapping,old_id,integer NOT NULL
book_id_mapping,new_id,"""uuid"" NOT NULL"
book_id_mapping,match_method,"""text"" NOT NULL"
book_publishers,id,"""uuid"" DEFAULT ""gen_random_uuid""() NOT NULL"
book_publishers,book_id,"""uuid"" NOT NULL"
book_publishers,publisher_id,"""uuid"" NOT NULL"
book_publishers,created_at,timestamp with time zone
book_publishers,updated_at,timestamp with time zone
book_recommendations,id,"""uuid"" DEFAULT ""extensions"".""uuid_generate_v4""() NOT NULL"
book_recommendations,user_id,"""uuid"" NOT NULL"
book_recommendations,source_type,"""text"" NOT NULL"
book_recommendations,score,double precision NOT NULL
book_recommendations,created_at,"timestamp with time zone DEFAULT ""now""()"
book_recommendations,updated_at,"timestamp with time zone DEFAULT ""now""()"
book_recommendations,book_id,"""uuid"""
book_recommendations,source_book_id,"""uuid"""
book_reviews,id,"""uuid"" DEFAULT ""extensions"".""uuid_generate_v4""() NOT NULL"
book_reviews,user_id,"""uuid"" NOT NULL"
book_reviews,rating,integer NOT NULL
book_reviews,review_text,"""text"""
book_reviews,created_at,"timestamp with time zone DEFAULT ""now""()"
book_reviews,updated_at,"timestamp with time zone DEFAULT ""now""()"
book_reviews,contains_spoilers,boolean DEFAULT false
book_reviews,group_id,"""uuid"""
book_reviews,visibility,"""text"" DEFAULT 'public'::""text"" NOT NULL"
book_reviews,book_id,"""uuid"""
book_similarity_scores,id,"""uuid"" DEFAULT ""extensions"".""uuid_generate_v4""() NOT NULL"
book_similarity_scores,book_id,"""uuid"""
book_similarity_scores,similar_book_id,"""uuid"""
book_similarity_scores,similarity_score,double precision
book_similarity_scores,created_at,timestamp with time zone
book_subjects,id,"""uuid"" DEFAULT ""extensions"".""uuid_generate_v4""() NOT NULL"
book_subjects,book_id,"""uuid"""
book_subjects,subject_id,"""uuid"""
book_subjects,created_at,timestamp with time zone
book_subjects,updated_at,timestamp with time zone
book_tag_mappings,id,"""uuid"" DEFAULT ""extensions"".""uuid_generate_v4""() NOT NULL"
book_tag_mappings,book_id,"""uuid"""
book_tag_mappings,tag_id,"""uuid"""
book_tag_mappings,created_at,timestamp with time zone
book_tag_mappings,updated_at,timestamp with time zone
book_tags,id,"""uuid"" DEFAULT ""gen_random_uuid""() NOT NULL"
book_tags,name,"""text"" NOT NULL"
book_tags,created_at,"timestamp with time zone DEFAULT ""now""()"
book_tags,updated_at,"timestamp with time zone DEFAULT ""now""()"
book_views,id,"""uuid"" DEFAULT ""extensions"".""uuid_generate_v4""() NOT NULL"
book_views,user_id,"""uuid"""
book_views,book_id,"""uuid"""
book_views,viewed_at,timestamp with time zone
books,id,"""uuid"" DEFAULT ""gen_random_uuid""() NOT NULL"
books,isbn10,character varying
books,isbn13,character varying
books,title,character varying NOT NULL
books,title_long,"""text"""
books,publisher_id,"""uuid"""
books,publication_date,"""date"""
books,binding,character varying
books,pages,integer
books,list_price,numeric
books,language,character varying
books,edition,character varying
books,synopsis,"""text"""
books,overview,"""text"""
books,dimensions,character varying
books,weight,numeric
books,cover_image_id,"""uuid"""
books,original_image_url,"""text"""
books,author,character varying
books,featured,boolean DEFAULT false NOT NULL
books,book_gallery_img,"""text""[]"
books,average_rating,numeric DEFAULT 0
books,review_count,integer DEFAULT 0
books,created_at,"timestamp with time zone DEFAULT ""now""() NOT NULL"
books,author_id,"""uuid"""
books,binding_type_id,"""uuid"""
books,format_type_id,"""uuid"""
books,status_id,"""uuid"""
books,updated_at,"timestamp with time zone DEFAULT ""now""()"
carousel_images,id,"""uuid"" DEFAULT ""extensions"".""uuid_generate_v4""() NOT NULL"
carousel_images,carousel_name,character varying
carousel_images,image_url,"""text"""
carousel_images,alt_text,character varying
carousel_images,position,integer
carousel_images,active,boolean
comments,id,"""uuid"" DEFAULT ""gen_random_uuid""() NOT NULL"
comments,user_id,"""uuid"" NOT NULL"
comments,feed_entry_id,"""uuid"""
comments,content,"""text"" NOT NULL"
comments,created_at,"timestamp with time zone DEFAULT ""now""() NOT NULL"
comments,updated_at,"timestamp with time zone DEFAULT ""now""() NOT NULL"
comments,is_hidden,boolean DEFAULT false NOT NULL
comments,is_deleted,boolean DEFAULT false NOT NULL
contact_info,id,"""uuid"" DEFAULT ""gen_random_uuid""() NOT NULL"
contact_info,entity_type,"""text"" NOT NULL"
contact_info,entity_id,"""text"" NOT NULL"
contact_info,email,"""text"""
contact_info,phone,"""text"""
contact_info,website,"""text"""
contact_info,address_line1,"""text"""
contact_info,address_line2,"""text"""
contact_info,city,"""text"""
contact_info,state,"""text"""
contact_info,postal_code,"""text"""
contact_info,country,"""text"""
contact_info,created_at,"timestamp with time zone DEFAULT ""now""()"
contact_info,updated_at,"timestamp with time zone DEFAULT ""now""()"
countries,id,"""uuid"" DEFAULT ""gen_random_uuid""() NOT NULL"
countries,name,"""text"" NOT NULL"
countries,code,"""text"" NOT NULL"
countries,phone_code,"""text"""
countries,continent,"""text"""
countries,created_at,"timestamp with time zone DEFAULT ""now""()"
countries,updated_at,"timestamp with time zone DEFAULT ""now""()"
discussion_comments,id,"""uuid"" DEFAULT ""extensions"".""uuid_generate_v4""() NOT NULL"
discussion_comments,discussion_id,"""uuid"" NOT NULL"
discussion_comments,user_id,"""uuid"" NOT NULL"
discussion_comments,content,"""text"" NOT NULL"
discussion_comments,created_at,"timestamp with time zone DEFAULT ""now""()"
discussion_comments,updated_at,"timestamp with time zone DEFAULT ""now""()"
discussions,id,"""uuid"" DEFAULT ""extensions"".""uuid_generate_v4""() NOT NULL"
discussions,user_id,"""uuid"" NOT NULL"
discussions,title,"""text"" NOT NULL"
discussions,content,"""text"" NOT NULL"
discussions,is_pinned,boolean DEFAULT false
discussions,created_at,"timestamp with time zone DEFAULT ""now""()"
discussions,updated_at,"timestamp with time zone DEFAULT ""now""()"
discussions,group_id,"""uuid"""
discussions,category_id,integer
discussions,book_id,"""uuid"""
event_analytics,id,"""uuid"" DEFAULT ""gen_random_uuid""() NOT NULL"
event_analytics,event_id,"""uuid"" NOT NULL"
event_analytics,date,"""date"" NOT NULL"
event_analytics,views,integer DEFAULT 0
event_analytics,unique_visitors,integer DEFAULT 0
event_analytics,registrations,integer DEFAULT 0
event_analytics,cancellations,integer DEFAULT 0
event_analytics,shares,integer DEFAULT 0
event_analytics,likes,integer DEFAULT 0
event_analytics,comments,integer DEFAULT 0
event_analytics,created_at,"timestamp with time zone DEFAULT ""now""()"
event_analytics,updated_at,"timestamp with time zone DEFAULT ""now""()"
event_approvals,id,"""uuid"" DEFAULT ""gen_random_uuid""() NOT NULL"
event_approvals,event_id,"""uuid"" NOT NULL"
event_approvals,submitted_by,"""uuid"" NOT NULL"
event_approvals,approval_status,"""text"""
event_approvals,reviewer_id,"""uuid"""
event_approvals,review_notes,"""text"""
event_approvals,submitted_at,"timestamp with time zone DEFAULT ""now""()"
event_approvals,reviewed_at,timestamp with time zone
event_approvals,updated_at,"timestamp with time zone DEFAULT ""now""()"
event_books,id,"""uuid"" DEFAULT ""gen_random_uuid""() NOT NULL"
event_books,event_id,"""uuid"" NOT NULL"
event_books,feature_type,"""text"""
event_books,display_order,integer
event_books,notes,"""text"""
event_books,created_at,"timestamp with time zone DEFAULT ""now""()"
event_books,updated_at,"timestamp with time zone DEFAULT ""now""()"
event_books,book_id,"""uuid"""
event_calendar_exports,id,"""uuid"" DEFAULT ""gen_random_uuid""() NOT NULL"
event_calendar_exports,event_id,"""uuid"" NOT NULL"
event_calendar_exports,user_id,"""uuid"" NOT NULL"
event_calendar_exports,calendar_type,"""text"""
event_calendar_exports,calendar_event_id,"""text"""
event_calendar_exports,synced_at,"timestamp with time zone DEFAULT ""now""()"
event_calendar_exports,created_at,"timestamp with time zone DEFAULT ""now""()"
event_calendar_exports,updated_at,"timestamp with time zone DEFAULT ""now""()"
event_categories,id,"""uuid"" DEFAULT ""gen_random_uuid""() NOT NULL"
event_categories,name,"""text"" NOT NULL"
event_categories,description,"""text"""
event_categories,parent_id,"""uuid"""
event_categories,icon,"""text"""
event_categories,color,"""text"""
event_categories,created_at,"timestamp with time zone DEFAULT ""now""()"
event_categories,updated_at,"timestamp with time zone DEFAULT ""now""()"
event_chat_messages,id,"""uuid"" DEFAULT ""gen_random_uuid""() NOT NULL"
event_chat_messages,chat_room_id,"""uuid"" NOT NULL"
event_chat_messages,user_id,"""uuid"" NOT NULL"
event_chat_messages,message,"""text"" NOT NULL"
event_chat_messages,is_hidden,boolean DEFAULT false
event_chat_messages,hidden_by,"""uuid"""
event_chat_messages,hidden_reason,"""text"""
event_chat_messages,created_at,"timestamp with time zone DEFAULT ""now""()"
event_chat_rooms,id,"""uuid"" DEFAULT ""gen_random_uuid""() NOT NULL"
event_chat_rooms,event_id,"""uuid"" NOT NULL"
event_chat_rooms,name,"""text"" NOT NULL"
event_chat_rooms,description,"""text"""
event_chat_rooms,is_active,boolean DEFAULT true
event_chat_rooms,is_moderated,boolean DEFAULT true
event_chat_rooms,moderator_ids,"""uuid""[] DEFAULT '{}'::""uuid""[]"
event_chat_rooms,requires_ticket,boolean DEFAULT true
event_chat_rooms,created_at,"timestamp with time zone DEFAULT ""now""()"
event_chat_rooms,updated_at,"timestamp with time zone DEFAULT ""now""()"
event_comments,id,"""uuid"" DEFAULT ""gen_random_uuid""() NOT NULL"
event_comments,event_id,"""uuid"" NOT NULL"
event_comments,user_id,"""uuid"" NOT NULL"
event_comments,parent_id,"""uuid"""
event_comments,content,"""text"" NOT NULL"
event_comments,is_pinned,boolean DEFAULT false
event_comments,is_hidden,boolean DEFAULT false
event_comments,created_at,"timestamp with time zone DEFAULT ""now""()"
event_comments,updated_at,"timestamp with time zone DEFAULT ""now""()"
event_creator_permissions,id,"""uuid"" DEFAULT ""gen_random_uuid""() NOT NULL"
event_creator_permissions,user_id,"""uuid"" NOT NULL"
event_creator_permissions,permission_level,"""text"""
event_creator_permissions,can_create_paid_events,boolean DEFAULT false
event_creator_permissions,attendee_limit,integer DEFAULT 100
event_creator_permissions,requires_approval,boolean DEFAULT true
event_creator_permissions,approved_categories,"""uuid""[] DEFAULT '{}'::""uuid""[]"
event_creator_permissions,created_at,"timestamp with time zone DEFAULT ""now""()"
event_creator_permissions,updated_at,"timestamp with time zone DEFAULT ""now""()"
event_financials,id,"""uuid"" DEFAULT ""gen_random_uuid""() NOT NULL"
event_financials,event_id,"""uuid"" NOT NULL"
event_financials,total_revenue,numeric DEFAULT 0
event_financials,total_fees,numeric DEFAULT 0
event_financials,total_taxes,numeric DEFAULT 0
event_financials,total_refunds,numeric DEFAULT 0
event_financials,net_revenue,numeric DEFAULT 0
event_financials,currency,"""text"" DEFAULT 'USD'::""text"""
event_financials,ticket_sales_breakdown,"""jsonb"""
event_financials,payout_status,"""text"""
event_financials,payout_date,timestamp with time zone
event_financials,payout_method,"""text"""
event_financials,payout_reference,"""text"""
event_financials,organizer_fees,numeric DEFAULT 0
event_financials,created_at,"timestamp with time zone DEFAULT ""now""()"
event_financials,updated_at,"timestamp with time zone DEFAULT ""now""()"
event_interests,id,"""uuid"" DEFAULT ""gen_random_uuid""() NOT NULL"
event_interests,event_id,"""uuid"" NOT NULL"
event_interests,user_id,"""uuid"" NOT NULL"
event_interests,interest_level,"""text"""
event_interests,created_at,"timestamp with time zone DEFAULT ""now""()"
event_interests,updated_at,"timestamp with time zone DEFAULT ""now""()"
event_likes,id,"""uuid"" DEFAULT ""gen_random_uuid""() NOT NULL"
event_likes,event_id,"""uuid"" NOT NULL"
event_likes,user_id,"""uuid"" NOT NULL"
event_likes,created_at,"timestamp with time zone DEFAULT ""now""()"
event_livestreams,id,"""uuid"" DEFAULT ""gen_random_uuid""() NOT NULL"
event_livestreams,event_id,"""uuid"" NOT NULL"
event_livestreams,provider,"""text"""
event_livestreams,stream_key,"""text"""
event_livestreams,stream_url,"""text"" NOT NULL"
event_livestreams,embed_code,"""text"""
event_livestreams,is_active,boolean DEFAULT false
event_livestreams,start_time,timestamp with time zone
event_livestreams,end_time,timestamp with time zone
event_livestreams,recording_url,"""text"""
event_livestreams,viewer_count,integer DEFAULT 0
event_livestreams,max_concurrent_viewers,integer DEFAULT 0
event_livestreams,requires_ticket,boolean DEFAULT true
event_livestreams,ticket_types,"""uuid""[] DEFAULT '{}'::""uuid""[]"
event_livestreams,created_at,"timestamp with time zone DEFAULT ""now""()"
event_livestreams,updated_at,"timestamp with time zone DEFAULT ""now""()"
event_locations,id,"""uuid"" DEFAULT ""gen_random_uuid""() NOT NULL"
event_locations,event_id,"""uuid"" NOT NULL"
event_locations,name,"""text"" NOT NULL"
event_locations,address_line1,"""text"""
event_locations,address_line2,"""text"""
event_locations,city,"""text"""
event_locations,state,"""text"""
event_locations,postal_code,"""text"""
event_locations,country,"""text"""
event_locations,latitude,numeric
event_locations,longitude,numeric
event_locations,google_place_id,"""text"""
event_locations,is_primary,boolean DEFAULT true
event_locations,venue_notes,"""text"""
event_locations,accessibility_info,"""text"""
event_locations,created_at,"timestamp with time zone DEFAULT ""now""()"
event_locations,updated_at,"timestamp with time zone DEFAULT ""now""()"
event_media,id,"""uuid"" DEFAULT ""gen_random_uuid""() NOT NULL"
event_media,event_id,"""uuid"" NOT NULL"
event_media,media_type,"""text"""
event_media,url,"""text"" NOT NULL"
event_media,thumbnail_url,"""text"""
event_media,title,"""text"""
event_media,description,"""text"""
event_media,file_size,integer
event_media,file_type,"""text"""
event_media,duration,integer
event_media,width,integer
event_media,height,integer
event_media,display_order,integer
event_media,created_at,"timestamp with time zone DEFAULT ""now""()"
event_media,updated_at,"timestamp with time zone DEFAULT ""now""()"
event_permission_requests,id,"""uuid"" DEFAULT ""gen_random_uuid""() NOT NULL"
event_permission_requests,user_id,"""uuid"" NOT NULL"
event_permission_requests,request_reason,"""text"""
event_permission_requests,requested_level,"""text"""
event_permission_requests,status,"""text"""
event_permission_requests,reviewed_by,"""uuid"""
event_permission_requests,reviewed_at,timestamp with time zone
event_permission_requests,admin_notes,"""text"""
event_permission_requests,created_at,"timestamp with time zone DEFAULT ""now""()"
event_permission_requests,updated_at,"timestamp with time zone DEFAULT ""now""()"
event_questions,id,"""uuid"" DEFAULT ""gen_random_uuid""() NOT NULL"
event_questions,event_id,"""uuid"" NOT NULL"
event_questions,question,"""text"" NOT NULL"
event_questions,question_type,"""text"""
event_questions,is_required,boolean DEFAULT false
event_questions,options,"""jsonb"""
event_questions,display_order,integer
event_questions,help_text,"""text"""
event_questions,created_at,"timestamp with time zone DEFAULT ""now""()"
event_questions,updated_at,"timestamp with time zone DEFAULT ""now""()"
event_registrations,id,"""uuid"" DEFAULT ""gen_random_uuid""() NOT NULL"
event_registrations,event_id,"""uuid"" NOT NULL"
event_registrations,user_id,"""uuid"" NOT NULL"
event_registrations,registration_status,"""text"""
event_registrations,registration_time,"timestamp with time zone DEFAULT ""now""()"
event_registrations,check_in_time,timestamp with time zone
event_registrations,ticket_id,"""text"""
event_registrations,registration_source,"""text"""
event_registrations,additional_guests,integer DEFAULT 0
event_registrations,guest_names,"""jsonb"""
event_registrations,answers,"""jsonb"""
event_registrations,notes,"""text"""
event_registrations,created_at,"timestamp with time zone DEFAULT ""now""()"
event_registrations,updated_at,"timestamp with time zone DEFAULT ""now""()"
event_registrations,session_ids,"""uuid""[] DEFAULT '{}'::""uuid""[]"
event_reminders,id,"""uuid"" DEFAULT ""gen_random_uuid""() NOT NULL"
event_reminders,event_id,"""uuid"" NOT NULL"
event_reminders,user_id,"""uuid"" NOT NULL"
event_reminders,reminder_time,timestamp with time zone NOT NULL
event_reminders,notification_sent,boolean DEFAULT false
event_reminders,notification_time,timestamp with time zone
event_reminders,reminder_type,"""text"""
event_reminders,created_at,"timestamp with time zone DEFAULT ""now""()"
event_reminders,updated_at,"timestamp with time zone DEFAULT ""now""()"
event_sessions,id,"""uuid"" DEFAULT ""gen_random_uuid""() NOT NULL"
event_sessions,event_id,"""uuid"" NOT NULL"
event_sessions,title,"""text"" NOT NULL"
event_sessions,description,"""text"""
event_sessions,speaker_ids,"""uuid""[] DEFAULT '{}'::""uuid""[]"
event_sessions,start_time,timestamp with time zone NOT NULL
event_sessions,end_time,timestamp with time zone NOT NULL
event_sessions,location_id,"""uuid"""
event_sessions,virtual_meeting_url,"""text"""
event_sessions,max_attendees,integer
event_sessions,requires_separate_registration,boolean DEFAULT false
event_sessions,session_materials,"""jsonb"""
event_sessions,created_at,"timestamp with time zone DEFAULT ""now""()"
event_sessions,updated_at,"timestamp with time zone DEFAULT ""now""()"
event_shares,id,"""uuid"" DEFAULT ""gen_random_uuid""() NOT NULL"
event_shares,event_id,"""uuid"" NOT NULL"
event_shares,user_id,"""uuid"" NOT NULL"
event_shares,share_platform,"""text"""
event_shares,created_at,"timestamp with time zone DEFAULT ""now""()"
event_speakers,id,"""uuid"" DEFAULT ""gen_random_uuid""() NOT NULL"
event_speakers,event_id,"""uuid"" NOT NULL"
event_speakers,user_id,"""uuid"""
event_speakers,name,"""text"" NOT NULL"
event_speakers,bio,"""text"""
event_speakers,headshot_url,"""text"""
event_speakers,website,"""text"""
event_speakers,social_links,"""jsonb"""
event_speakers,presentation_title,"""text"""
event_speakers,presentation_description,"""text"""
event_speakers,speaker_order,integer
event_speakers,created_at,"timestamp with time zone DEFAULT ""now""()"
event_speakers,updated_at,"timestamp with time zone DEFAULT ""now""()"
event_speakers,session_ids,"""uuid""[] DEFAULT '{}'::""uuid""[]"
event_speakers,author_id,"""uuid"""
event_sponsors,id,"""uuid"" DEFAULT ""gen_random_uuid""() NOT NULL"
event_sponsors,event_id,"""uuid"" NOT NULL"
event_sponsors,name,"""text"" NOT NULL"
event_sponsors,description,"""text"""
event_sponsors,website_url,"""text"""
event_sponsors,logo_url,"""text"""
event_sponsors,sponsor_level,"""text"""
event_sponsors,display_order,integer
event_sponsors,contribution_amount,numeric
event_sponsors,currency,"""text"" DEFAULT 'USD'::""text"""
event_sponsors,is_featured,boolean DEFAULT false
event_sponsors,benefits_description,"""text"""
event_sponsors,contact_name,"""text"""
event_sponsors,contact_email,"""text"""
event_sponsors,created_at,"timestamp with time zone DEFAULT ""now""()"
event_sponsors,updated_at,"timestamp with time zone DEFAULT ""now""()"
event_staff,id,"""uuid"" DEFAULT ""gen_random_uuid""() NOT NULL"
event_staff,event_id,"""uuid"" NOT NULL"
event_staff,user_id,"""uuid"" NOT NULL"
event_staff,role,"""text"""
event_staff,permissions,"""jsonb"""
event_staff,created_at,"timestamp with time zone DEFAULT ""now""()"
event_staff,updated_at,"timestamp with time zone DEFAULT ""now""()"
event_surveys,id,"""uuid"" DEFAULT ""gen_random_uuid""() NOT NULL"
event_surveys,event_id,"""uuid"" NOT NULL"
event_surveys,title,"""text"" NOT NULL"
event_surveys,description,"""text"""
event_surveys,is_active,boolean DEFAULT true
event_surveys,is_anonymous,boolean DEFAULT false
event_surveys,requires_ticket,boolean DEFAULT true
event_surveys,available_from,timestamp with time zone
event_surveys,available_until,timestamp with time zone
event_surveys,created_at,"timestamp with time zone DEFAULT ""now""()"
event_surveys,updated_at,"timestamp with time zone DEFAULT ""now""()"
event_tags,event_id,"""uuid"" NOT NULL"
event_tags,tag_id,integer NOT NULL
event_tags,created_at,"timestamp with time zone DEFAULT ""now""()"
event_types,id,"""uuid"" DEFAULT ""gen_random_uuid""() NOT NULL"
event_types,name,"""text"" NOT NULL"
event_types,description,"""text"""
event_types,icon,"""text"""
event_types,created_at,"timestamp with time zone DEFAULT ""now""()"
event_types,updated_at,"timestamp with time zone DEFAULT ""now""()"
event_views,id,"""uuid"" DEFAULT ""gen_random_uuid""() NOT NULL"
event_views,event_id,"""uuid"" NOT NULL"
event_views,user_id,"""uuid"""
event_views,ip_address,"""text"""
event_views,viewed_at,"timestamp with time zone DEFAULT ""now""()"
event_views,user_agent,"""text"""
event_views,referrer,"""text"""
event_waitlists,id,"""uuid"" DEFAULT ""gen_random_uuid""() NOT NULL"
event_waitlists,event_id,"""uuid"" NOT NULL"
event_waitlists,ticket_type_id,"""uuid"""
event_waitlists,user_id,"""uuid"" NOT NULL"
event_waitlists,position,integer NOT NULL
event_waitlists,status,"""text"""
event_waitlists,notification_sent_at,timestamp with time zone
event_waitlists,expiration_time,timestamp with time zone
event_waitlists,converted_to_registration_id,"""uuid"""
event_waitlists,created_at,"timestamp with time zone DEFAULT ""now""()"
event_waitlists,updated_at,"timestamp with time zone DEFAULT ""now""()"
events,id,"""uuid"" DEFAULT ""gen_random_uuid""() NOT NULL"
events,title,"""text"" NOT NULL"
events,subtitle,"""text"""
events,description,"""text"""
events,summary,"""text"""
events,event_category_id,"""uuid"""
events,type_id,"""uuid"""
events,format,"""text"""
events,status,"""text"""
events,visibility,"""text"""
events,featured,boolean DEFAULT false
events,start_date,timestamp with time zone NOT NULL
events,end_date,timestamp with time zone NOT NULL
events,timezone,"""text"""
events,all_day,boolean DEFAULT false
events,max_attendees,integer
events,cover_image_id,"""uuid"""
events,event_image_id,"""uuid"""
events,is_recurring,boolean DEFAULT false
events,recurrence_pattern,"""jsonb"""
events,parent_event_id,"""uuid"""
events,created_by,"""uuid"" NOT NULL"
events,created_at,"timestamp with time zone DEFAULT ""now""()"
events,updated_at,"timestamp with time zone DEFAULT ""now""()"
events,published_at,timestamp with time zone
events,requires_registration,boolean DEFAULT false
events,registration_opens_at,timestamp with time zone
events,registration_closes_at,timestamp with time zone
events,is_free,boolean DEFAULT true
events,price,numeric
events,currency,"""text"""
events,group_id,"""uuid"""
events,virtual_meeting_url,"""text"""
events,virtual_meeting_id,"""text"""
events,virtual_meeting_password,"""text"""
events,virtual_platform,"""text"""
events,slug,"""text"""
events,seo_title,"""text"""
events,seo_description,"""text"""
events,canonical_url,"""text"""
events,content_blocks,"""jsonb"""
events,author_id,"""uuid"""
events,book_id,"""uuid"""
events,publisher_id,"""uuid"""
feed_entries,id,"""uuid"" DEFAULT ""gen_random_uuid""() NOT NULL"
feed_entries,user_id,"""uuid"""
feed_entries,group_id,"""uuid"""
feed_entries,type,"""text"" NOT NULL"
feed_entries,content,"""jsonb"" NOT NULL"
feed_entries,created_at,"timestamp with time zone DEFAULT ""now""() NOT NULL"
feed_entries,updated_at,"timestamp with time zone DEFAULT ""now""() NOT NULL"
feed_entries,visibility,"""text"" DEFAULT 'public'::""text"" NOT NULL"
feed_entries,allowed_user_ids,"""uuid""[]"
feed_entries,is_hidden,boolean DEFAULT false NOT NULL
feed_entries,is_deleted,boolean DEFAULT false NOT NULL
feed_entry_tags,feed_entry_id,"""uuid"" NOT NULL"
feed_entry_tags,tag_id,integer NOT NULL
feed_entry_tags,created_at,"timestamp with time zone DEFAULT ""now""()"
feed_entry_tags,updated_at,"timestamp with time zone DEFAULT ""now""()"
follow_target_types,id,"""uuid"" DEFAULT ""gen_random_uuid""() NOT NULL"
follow_target_types,name,"""text"" NOT NULL"
follow_target_types,description,"""text"""
follow_target_types,created_at,"timestamp with time zone DEFAULT ""now""()"
follow_target_types,updated_at,"timestamp with time zone DEFAULT ""now""()"
follows,id,"""uuid"" DEFAULT ""extensions"".""uuid_generate_v4""() NOT NULL"
follows,follower_id,"""uuid"" NOT NULL"
follows,following_id,"""text"" NOT NULL"
follows,created_at,timestamp with time zone DEFAULT CURRENT_TIMESTAMP
follows,updated_at,timestamp with time zone DEFAULT CURRENT_TIMESTAMP
follows,target_type_id_uuid_temp,"""uuid"""
follows,target_type_id,"""uuid"""
format_types,id,"""uuid"" DEFAULT ""gen_random_uuid""() NOT NULL"
format_types,name,character varying NOT NULL
group_achievements,id,"""uuid"" DEFAULT ""gen_random_uuid""() NOT NULL"
group_achievements,group_id,"""uuid"" NOT NULL"
group_achievements,name,"""text"" NOT NULL"
group_achievements,description,"""text"""
group_achievements,criteria,"""text"""
group_achievements,points,integer DEFAULT 0
group_achievements,created_at,"timestamp with time zone DEFAULT ""now""()"
group_achievements,updated_at,"timestamp with time zone DEFAULT ""now""()"
group_achievements,icon_url,"""text"""
group_achievements,type,"""text"""
group_analytics,id,"""uuid"" DEFAULT ""gen_random_uuid""() NOT NULL"
group_analytics,group_id,"""uuid"" NOT NULL"
group_analytics,metric_name,"""text"" NOT NULL"
group_analytics,metric_value,numeric
group_analytics,recorded_at,"timestamp with time zone DEFAULT ""now""()"
group_analytics,created_at,"timestamp with time zone DEFAULT ""now""()"
group_announcements,id,"""uuid"" DEFAULT ""gen_random_uuid""() NOT NULL"
group_announcements,group_id,"""uuid"""
group_announcements,title,"""text"""
group_announcements,content,"""text"""
group_announcements,created_by,"""uuid"""
group_announcements,created_at,"timestamp with time zone DEFAULT ""now""()"
group_announcements,is_pinned,boolean DEFAULT false
group_audit_log,id,"""uuid"" DEFAULT ""gen_random_uuid""() NOT NULL"
group_audit_log,group_id,"""uuid"""
group_audit_log,action,"""text"""
group_audit_log,performed_by,"""uuid"""
group_audit_log,target_type,"""text"""
group_audit_log,target_id,"""uuid"""
group_audit_log,details,"""jsonb"""
group_audit_log,created_at,"timestamp with time zone DEFAULT ""now""()"
group_author_events,id,"""uuid"" DEFAULT ""gen_random_uuid""() NOT NULL"
group_author_events,group_id,"""uuid"""
group_author_events,event_id,"""uuid"""
group_author_events,scheduled_at,timestamp with time zone
group_author_events,author_id,"""uuid"""
group_book_list_items,id,"""uuid"" DEFAULT ""gen_random_uuid""() NOT NULL"
group_book_list_items,list_id,"""uuid"""
group_book_list_items,added_by,"""uuid"""
group_book_list_items,added_at,"timestamp with time zone DEFAULT ""now""()"
group_book_list_items,book_id,"""uuid"""
group_book_lists,id,"""uuid"" DEFAULT ""gen_random_uuid""() NOT NULL"
group_book_lists,group_id,"""uuid"""
group_book_lists,title,"""text"""
group_book_lists,description,"""text"""
group_book_lists,created_by,"""uuid"""
group_book_lists,created_at,"timestamp with time zone DEFAULT ""now""()"
group_book_reviews,id,"""uuid"" NOT NULL"
group_book_reviews,group_id,"""uuid"""
group_book_reviews,book_id,"""uuid"""
group_book_reviews,user_id,"""uuid"""
group_book_reviews,rating,integer
group_book_reviews,review,"""text"""
group_book_reviews,created_at,timestamp with time zone
group_book_swaps,id,"""uuid"" NOT NULL"
group_book_swaps,group_id,"""uuid"""
group_book_swaps,book_id,"""uuid"""
group_book_swaps,offered_by,"""uuid"""
group_book_swaps,status,"""text"""
group_book_swaps,accepted_by,"""uuid"""
group_book_swaps,created_at,timestamp with time zone
group_book_swaps,accepted_at,timestamp with time zone
group_book_wishlist_items,id,"""uuid"" DEFAULT ""gen_random_uuid""() NOT NULL"
group_book_wishlist_items,wishlist_id,"""uuid"""
group_book_wishlist_items,added_by,"""uuid"""
group_book_wishlist_items,added_at,"timestamp with time zone DEFAULT ""now""()"
group_book_wishlist_items,book_id,"""uuid"""
group_book_wishlists,id,"""uuid"" DEFAULT ""gen_random_uuid""() NOT NULL"
group_book_wishlists,group_id,"""uuid"""
group_book_wishlists,title,"""text"""
group_book_wishlists,created_by,"""uuid"""
group_book_wishlists,created_at,"timestamp with time zone DEFAULT ""now""()"
group_bots,id,"""uuid"" DEFAULT ""gen_random_uuid""() NOT NULL"
group_bots,group_id,"""uuid"""
group_bots,name,"""text"""
group_bots,description,"""text"""
group_bots,config,"""jsonb"""
group_bots,created_at,"timestamp with time zone DEFAULT ""now""()"
group_chat_channels,id,"""uuid"" DEFAULT ""gen_random_uuid""() NOT NULL"
group_chat_channels,group_id,"""uuid"""
group_chat_channels,name,"""text"""
group_chat_channels,description,"""text"""
group_chat_channels,is_event_channel,boolean DEFAULT false
group_chat_channels,event_id,"""uuid"""
group_chat_channels,created_at,"timestamp with time zone DEFAULT ""now""()"
group_chat_message_attachments,id,"""uuid"" DEFAULT ""gen_random_uuid""() NOT NULL"
group_chat_message_attachments,message_id,"""uuid"""
group_chat_message_attachments,url,"""text"""
group_chat_message_attachments,file_type,"""text"""
group_chat_message_attachments,file_size,integer
group_chat_message_attachments,created_at,"timestamp with time zone DEFAULT ""now""()"
group_chat_message_reactions,id,"""uuid"" DEFAULT ""gen_random_uuid""() NOT NULL"
group_chat_message_reactions,message_id,"""uuid"""
group_chat_message_reactions,user_id,"""uuid"""
group_chat_message_reactions,reaction,"""text"""
group_chat_message_reactions,created_at,"timestamp with time zone DEFAULT ""now""()"
group_chat_messages,id,"""uuid"" DEFAULT ""gen_random_uuid""() NOT NULL"
group_chat_messages,channel_id,"""uuid"""
group_chat_messages,user_id,"""uuid"""
group_chat_messages,message,"""text"""
group_chat_messages,is_hidden,boolean DEFAULT false
group_chat_messages,created_at,"timestamp with time zone DEFAULT ""now""()"
group_content_moderation_logs,id,"""uuid"" DEFAULT ""gen_random_uuid""() NOT NULL"
group_content_moderation_logs,group_id,"""uuid"""
group_content_moderation_logs,content_type,"""text"""
group_content_moderation_logs,content_id,"""uuid"""
group_content_moderation_logs,action,"""text"""
group_content_moderation_logs,reason,"""text"""
group_content_moderation_logs,reviewed_by,"""uuid"""
group_content_moderation_logs,created_at,"timestamp with time zone DEFAULT ""now""()"
group_custom_fields,id,"""uuid"" DEFAULT ""gen_random_uuid""() NOT NULL"
group_custom_fields,group_id,"""uuid"""
group_custom_fields,field_name,"""text"""
group_custom_fields,field_type,"""text"""
group_custom_fields,field_options,"""jsonb"""
group_custom_fields,created_at,"timestamp with time zone DEFAULT ""now""()"
group_discussion_categories,id,"""uuid"" DEFAULT ""gen_random_uuid""() NOT NULL"
group_discussion_categories,group_id,"""uuid"" NOT NULL"
group_discussion_categories,name,"""text"" NOT NULL"
group_discussion_categories,description,"""text"""
group_discussion_categories,created_at,"timestamp with time zone DEFAULT ""now""()"
group_discussion_categories,updated_at,"timestamp with time zone DEFAULT ""now""()"
group_event_feedback,id,"""uuid"" DEFAULT ""gen_random_uuid""() NOT NULL"
group_event_feedback,event_id,"""uuid"""
group_event_feedback,group_id,"""uuid"""
group_event_feedback,user_id,"""uuid"""
group_event_feedback,rating,integer
group_event_feedback,feedback,"""text"""
group_event_feedback,created_at,"timestamp with time zone DEFAULT ""now""()"
group_events,id,"""uuid"" DEFAULT ""gen_random_uuid""() NOT NULL"
group_events,group_id,"""uuid"""
group_events,event_id,"""uuid"""
group_events,is_recurring,boolean DEFAULT false
group_events,recurrence_pattern,"""jsonb"""
group_events,created_at,"timestamp with time zone DEFAULT ""now""()"
group_events,chat_channel_id,"""uuid"""
group_integrations,id,"""uuid"" DEFAULT ""gen_random_uuid""() NOT NULL"
group_integrations,group_id,"""uuid"""
group_integrations,type,"""text"""
group_integrations,config,"""jsonb"""
group_integrations,created_at,"timestamp with time zone DEFAULT ""now""()"
group_invites,id,"""uuid"" DEFAULT ""gen_random_uuid""() NOT NULL"
group_invites,group_id,"""uuid"""
group_invites,invited_user_id,"""uuid"""
group_invites,email,"""text"""
group_invites,invite_code,"""text"""
group_invites,status,"""text"" DEFAULT 'pending'::""text"""
group_invites,created_at,"timestamp with time zone DEFAULT ""now""()"
group_invites,accepted_at,timestamp with time zone
group_invites,expires_at,timestamp with time zone
group_leaderboards,id,"""uuid"" DEFAULT ""gen_random_uuid""() NOT NULL"
group_leaderboards,group_id,"""uuid"""
group_leaderboards,leaderboard_type,"""text"""
group_leaderboards,data,"""jsonb"""
group_leaderboards,generated_at,"timestamp with time zone DEFAULT ""now""()"
group_member_achievements,id,"""uuid"" DEFAULT ""gen_random_uuid""() NOT NULL"
group_member_achievements,group_id,"""uuid"" NOT NULL"
group_member_achievements,user_id,"""uuid"" NOT NULL"
group_member_achievements,achievement_id,"""uuid"" NOT NULL"
group_member_achievements,earned_at,"timestamp with time zone DEFAULT ""now""()"
group_member_achievements,created_at,"timestamp with time zone DEFAULT ""now""()"
group_member_devices,id,"""uuid"" DEFAULT ""gen_random_uuid""() NOT NULL"
group_member_devices,group_id,"""uuid"""
group_member_devices,user_id,"""uuid"""
group_member_devices,device_token,"""text"""
group_member_devices,device_type,"""text"""
group_member_devices,created_at,"timestamp with time zone DEFAULT ""now""()"
group_member_streaks,id,"""uuid"" DEFAULT ""gen_random_uuid""() NOT NULL"
group_member_streaks,group_id,"""uuid"""
group_member_streaks,user_id,"""uuid"""
group_member_streaks,streak_type,"""text"""
group_member_streaks,current_streak,integer DEFAULT 0
group_member_streaks,longest_streak,integer DEFAULT 0
group_member_streaks,last_active_date,"""date"""
group_member_streaks,updated_at,"timestamp with time zone DEFAULT ""now""()"
group_members,group_id,"""uuid"" NOT NULL"
group_members,user_id,"""uuid"" NOT NULL"
group_members,role_id,integer
group_members,status,character varying(20) DEFAULT 'active'::character varying
group_members,joined_at,"timestamp with time zone DEFAULT ""timezone""('utc'::""text"""
group_membership_questions,id,"""uuid"" DEFAULT ""gen_random_uuid""() NOT NULL"
group_membership_questions,group_id,"""uuid"" NOT NULL"
group_membership_questions,question,"""text"" NOT NULL"
group_membership_questions,is_required,boolean DEFAULT false
group_membership_questions,created_at,"timestamp with time zone DEFAULT ""now""()"
group_membership_questions,updated_at,"timestamp with time zone DEFAULT ""now""()"
group_moderation_logs,id,"""uuid"" DEFAULT ""gen_random_uuid""() NOT NULL"
group_moderation_logs,group_id,"""uuid"""
group_moderation_logs,action,"""text"""
group_moderation_logs,target_type,"""text"""
group_moderation_logs,target_id,"""uuid"""
group_moderation_logs,performed_by,"""uuid"""
group_moderation_logs,reason,"""text"""
group_moderation_logs,created_at,"timestamp with time zone DEFAULT ""now""()"
group_onboarding_checklists,id,"""uuid"" DEFAULT ""gen_random_uuid""() NOT NULL"
group_onboarding_checklists,group_id,"""uuid"""
group_onboarding_checklists,title,"""text"""
group_onboarding_checklists,description,"""text"""
group_onboarding_checklists,created_at,"timestamp with time zone DEFAULT ""now""()"
group_onboarding_progress,id,"""uuid"" DEFAULT ""gen_random_uuid""() NOT NULL"
group_onboarding_progress,checklist_id,"""uuid"""
group_onboarding_progress,user_id,"""uuid"""
group_onboarding_progress,task_id,"""uuid"""
group_onboarding_progress,completed_at,timestamp with time zone
group_onboarding_tasks,id,"""uuid"" DEFAULT ""gen_random_uuid""() NOT NULL"
group_onboarding_tasks,checklist_id,"""uuid"""
group_onboarding_tasks,task,"""text"""
group_onboarding_tasks,order_index,integer
group_onboarding_tasks,created_at,"timestamp with time zone DEFAULT ""now""()"
group_poll_votes,id,"""uuid"" DEFAULT ""gen_random_uuid""() NOT NULL"
group_poll_votes,poll_id,"""uuid"""
group_poll_votes,user_id,"""uuid"""
group_poll_votes,option_index,integer
group_poll_votes,created_at,"timestamp with time zone DEFAULT ""now""()"
group_polls,id,"""uuid"" DEFAULT ""gen_random_uuid""() NOT NULL"
group_polls,group_id,"""uuid"""
group_polls,question,"""text"" NOT NULL"
group_polls,options,"""text""[]"
group_polls,created_by,"""uuid"""
group_polls,created_at,"timestamp with time zone DEFAULT ""now""()"
group_polls,expires_at,timestamp with time zone
group_polls,is_anonymous,boolean DEFAULT false
group_polls,allow_multiple,boolean DEFAULT false
group_reading_challenge_progress,id,"""uuid"" DEFAULT ""gen_random_uuid""() NOT NULL"
group_reading_challenge_progress,challenge_id,"""uuid"""
group_reading_challenge_progress,user_id,"""uuid"""
group_reading_challenge_progress,books_read,integer DEFAULT 0
group_reading_challenge_progress,progress_details,"""jsonb"""
group_reading_challenge_progress,updated_at,"timestamp with time zone DEFAULT ""now""()"
group_reading_challenges,id,"""uuid"" DEFAULT ""gen_random_uuid""() NOT NULL"
group_reading_challenges,group_id,"""uuid"""
group_reading_challenges,title,"""text"""
group_reading_challenges,description,"""text"""
group_reading_challenges,target_books,integer
group_reading_challenges,start_date,"""date"""
group_reading_challenges,end_date,"""date"""
group_reading_challenges,created_by,"""uuid"""
group_reading_challenges,created_at,"timestamp with time zone DEFAULT ""now""()"
group_reading_progress,id,"""uuid"" DEFAULT ""gen_random_uuid""() NOT NULL"
group_reading_progress,group_id,"""uuid"""
group_reading_progress,user_id,"""uuid"""
group_reading_progress,progress_percentage,integer
group_reading_progress,started_at,timestamp with time zone
group_reading_progress,finished_at,timestamp with time zone
group_reading_progress,updated_at,"timestamp with time zone DEFAULT ""now""()"
group_reading_progress,book_id,"""uuid"""
group_reading_sessions,id,"""uuid"" DEFAULT ""gen_random_uuid""() NOT NULL"
group_reading_sessions,group_id,"""uuid"""
group_reading_sessions,session_title,"""text"""
group_reading_sessions,session_description,"""text"""
group_reading_sessions,start_time,timestamp with time zone
group_reading_sessions,end_time,timestamp with time zone
group_reading_sessions,created_by,"""uuid"""
group_reading_sessions,created_at,"timestamp with time zone DEFAULT ""now""()"
group_reading_sessions,book_id,"""uuid"""
group_reports,id,"""uuid"" DEFAULT ""gen_random_uuid""() NOT NULL"
group_reports,group_id,"""uuid"""
group_reports,reported_by,"""uuid"""
group_reports,target_type,"""text"""
group_reports,target_id,"""uuid"""
group_reports,reason,"""text"""
group_reports,status,"""text"" DEFAULT 'pending'::""text"""
group_reports,reviewed_by,"""uuid"""
group_reports,reviewed_at,timestamp with time zone
group_reports,created_at,"timestamp with time zone DEFAULT ""now""()"
group_roles,id,"""uuid"" DEFAULT ""gen_random_uuid""() NOT NULL"
group_roles,group_id,"""uuid"" NOT NULL"
group_roles,name,"""text"" NOT NULL"
group_roles,description,"""text"""
group_roles,permissions,"""jsonb"""
group_roles,created_at,"timestamp with time zone DEFAULT ""now""()"
group_roles,updated_at,"timestamp with time zone DEFAULT ""now""()"
group_roles,is_default,boolean DEFAULT false
group_rules,id,"""uuid"" DEFAULT ""gen_random_uuid""() NOT NULL"
group_rules,group_id,"""uuid"" NOT NULL"
group_rules,title,"""text"" NOT NULL"
group_rules,description,"""text"""
group_rules,created_at,"timestamp with time zone DEFAULT ""now""()"
group_rules,updated_at,"timestamp with time zone DEFAULT ""now""()"
group_rules,order_index,integer
group_shared_documents,id,"""uuid"" DEFAULT ""gen_random_uuid""() NOT NULL"
group_shared_documents,group_id,"""uuid"""
group_shared_documents,title,"""text"""
group_shared_documents,content,"""text"""
group_shared_documents,created_by,"""uuid"""
group_shared_documents,created_at,"timestamp with time zone DEFAULT ""now""()"
group_shared_documents,updated_at,timestamp with time zone
group_tags,id,"""uuid"" DEFAULT ""gen_random_uuid""() NOT NULL"
group_tags,group_id,"""uuid"" NOT NULL"
group_tags,name,"""text"" NOT NULL"
group_tags,description,"""text"""
group_tags,created_at,"timestamp with time zone DEFAULT ""now""()"
group_tags,updated_at,"timestamp with time zone DEFAULT ""now""()"
group_types,id,"""uuid"" DEFAULT ""gen_random_uuid""() NOT NULL"
group_types,display_name,"""text"" NOT NULL"
group_types,slug,"""text"" NOT NULL"
group_webhook_logs,id,"""uuid"" DEFAULT ""gen_random_uuid""() NOT NULL"
group_webhook_logs,webhook_id,"""uuid"""
group_webhook_logs,event_type,"""text"""
group_webhook_logs,payload,"""jsonb"""
group_webhook_logs,status,"""text"""
group_webhook_logs,response_code,integer
group_webhook_logs,created_at,"timestamp with time zone DEFAULT ""now""()"
group_webhooks,id,"""uuid"" DEFAULT ""gen_random_uuid""() NOT NULL"
group_webhooks,group_id,"""uuid"""
group_webhooks,url,"""text"""
group_webhooks,event_types,"""text""[]"
group_webhooks,secret,"""text"""
group_webhooks,created_at,"timestamp with time zone DEFAULT ""now""()"
group_welcome_messages,id,"""uuid"" DEFAULT ""gen_random_uuid""() NOT NULL"
group_welcome_messages,group_id,"""uuid"""
group_welcome_messages,role_id,integer
group_welcome_messages,message,"""text"""
group_welcome_messages,created_at,"timestamp with time zone DEFAULT ""now""()"
groups,id,"""uuid"" DEFAULT ""gen_random_uuid""() NOT NULL"
groups,name,character varying(255) NOT NULL
groups,description,"""text"""
groups,is_private,boolean DEFAULT false
groups,created_by,"""uuid"""
groups,created_at,"timestamp with time zone DEFAULT ""timezone""('utc'::""text"""
groups,cover_image_url,"""text"""
groups,member_count,integer DEFAULT 0
id_mappings,table_name,"""text"" NOT NULL"
id_mappings,old_id,integer NOT NULL
id_mappings,new_id,"""uuid"" NOT NULL"
image_tag_mappings,image_id,"""uuid"" NOT NULL"
image_tag_mappings,tag_id,"""uuid"" NOT NULL"
image_tag_mappings,created_at,"timestamp with time zone DEFAULT ""now""()"
image_tags,id,"""uuid"" DEFAULT ""extensions"".""uuid_generate_v4""() NOT NULL"
image_tags,name,character varying(100) NOT NULL
image_tags,slug,character varying(100) NOT NULL
image_tags,created_at,"timestamp with time zone DEFAULT ""now""()"
image_tags,updated_at,"timestamp with time zone DEFAULT ""now""()"
image_types,id,"""uuid"" DEFAULT ""gen_random_uuid""() NOT NULL"
image_types,name,"""text"" NOT NULL"
image_types,description,"""text"""
image_types,created_at,"timestamp with time zone DEFAULT ""now""()"
image_types,updated_at,"timestamp with time zone DEFAULT ""now""()"
images,id,"""uuid"" DEFAULT ""gen_random_uuid""() NOT NULL"
images,url,"""text"" NOT NULL"
images,alt_text,character varying(255)
images,created_at,"timestamp with time zone DEFAULT ""now""()"
images,updated_at,"timestamp with time zone DEFAULT ""now""()"
images,thumbnail_url,"""text"""
images,medium_url,"""text"""
images,large_url,"""text"""
images,original_filename,character varying(255)
images,file_size,integer
images,width,integer
images,height,integer
images,format,character varying(10)
images,mime_type,character varying(100)
images,caption,"""text"""
images,metadata,"""jsonb"""
images,storage_path,"""text"""
images,storage_provider,character varying(50) DEFAULT 'supabase'::character varying
images,is_processed,boolean DEFAULT false
images,processing_status,character varying(50)
images,deleted_at,timestamp with time zone
images,img_type_id,"""uuid"""
invoices,id,"""uuid"" DEFAULT ""gen_random_uuid""() NOT NULL"
invoices,user_id,"""uuid"" NOT NULL"
invoices,event_id,"""uuid"" NOT NULL"
invoices,registration_id,"""uuid"" NOT NULL"
invoices,invoice_number,"""text"" NOT NULL"
invoices,amount,numeric NOT NULL
invoices,currency,"""text"" DEFAULT 'USD'::""text"""
invoices,status,"""text"""
invoices,due_date,timestamp with time zone
invoices,paid_date,timestamp with time zone
invoices,billing_address,"""jsonb"""
invoices,line_items,"""jsonb"""
invoices,notes,"""text"""
invoices,invoice_pdf_url,"""text"""
invoices,created_at,"timestamp with time zone DEFAULT ""now""()"
invoices,updated_at,"timestamp with time zone DEFAULT ""now""()"
likes,id,"""uuid"" DEFAULT ""gen_random_uuid""() NOT NULL"
likes,user_id,"""uuid"" NOT NULL"
likes,feed_entry_id,"""uuid"""
likes,created_at,"timestamp with time zone DEFAULT ""now""() NOT NULL"
likes,updated_at,"timestamp with time zone DEFAULT ""now""()"
list_followers,id,"""uuid"" DEFAULT ""extensions"".""uuid_generate_v4""() NOT NULL"
list_followers,user_id,"""uuid"" NOT NULL"
list_followers,list_id,"""uuid"" NOT NULL"
list_followers,created_at,"timestamp with time zone DEFAULT ""now""()"
list_followers,updated_at,"timestamp with time zone DEFAULT ""now""()"
media_attachments,id,"""uuid"" DEFAULT ""gen_random_uuid""() NOT NULL"
media_attachments,feed_entry_id,"""uuid"""
media_attachments,url,"""text"" NOT NULL"
media_attachments,type,"""text"""
media_attachments,alt_text,"""text"""
media_attachments,created_at,"timestamp with time zone DEFAULT ""now""() NOT NULL"
media_attachments,updated_at,"timestamp with time zone DEFAULT ""now""()"
mentions,id,"""uuid"" DEFAULT ""gen_random_uuid""() NOT NULL"
mentions,feed_entry_id,"""uuid"""
mentions,comment_id,"""uuid"""
mentions,mentioned_user_id,"""uuid"" NOT NULL"
mentions,created_at,"timestamp with time zone DEFAULT ""now""() NOT NULL"
mentions,updated_at,"timestamp with time zone DEFAULT ""now""()"
notifications,id,"""uuid"" DEFAULT ""extensions"".""uuid_generate_v4""() NOT NULL"
notifications,user_id,"""uuid"" NOT NULL"
notifications,type,"""text"" NOT NULL"
notifications,title,"""text"" NOT NULL"
notifications,message,"""text"" NOT NULL"
notifications,link,"""text"""
notifications,data,"""jsonb"""
notifications,is_read,boolean DEFAULT false
notifications,created_at,"timestamp with time zone DEFAULT ""now""()"
notifications,updated_at,"timestamp with time zone DEFAULT ""now""()"
payment_methods,id,"""uuid"" DEFAULT ""gen_random_uuid""() NOT NULL"
payment_methods,user_id,"""uuid"" NOT NULL"
payment_methods,payment_type,"""text"""
payment_methods,provider_payment_id,"""text"""
payment_methods,nickname,"""text"""
payment_methods,last_four,"""text"""
payment_methods,expiry_date,"""text"""
payment_methods,is_default,boolean DEFAULT false
payment_methods,billing_address,"""jsonb"""
payment_methods,metadata,"""jsonb"""
payment_methods,created_at,"timestamp with time zone DEFAULT ""now""()"
payment_methods,updated_at,"timestamp with time zone DEFAULT ""now""()"
payment_transactions,id,"""uuid"" DEFAULT ""gen_random_uuid""() NOT NULL"
payment_transactions,event_id,"""uuid"" NOT NULL"
payment_transactions,registration_id,"""uuid"" NOT NULL"
payment_transactions,user_id,"""uuid"" NOT NULL"
payment_transactions,payment_method_id,"""uuid"""
payment_transactions,transaction_type,"""text"""
payment_transactions,amount,numeric NOT NULL
payment_transactions,currency,"""text"" DEFAULT 'USD'::""text"""
payment_transactions,fees,numeric DEFAULT 0
payment_transactions,taxes,numeric DEFAULT 0
payment_transactions,tax_details,"""jsonb"""
payment_transactions,status,"""text"""
payment_transactions,provider_transaction_id,"""text"""
payment_transactions,payment_provider,"""text"""
payment_transactions,error_message,"""text"""
payment_transactions,metadata,"""jsonb"""
payment_transactions,receipt_url,"""text"""
payment_transactions,receipt_email_sent,boolean DEFAULT false
payment_transactions,created_at,"timestamp with time zone DEFAULT ""now""()"
payment_transactions,updated_at,"timestamp with time zone DEFAULT ""now""()"
publishers,id,"""uuid"" DEFAULT ""gen_random_uuid""() NOT NULL"
publishers,name,character varying NOT NULL
publishers,featured,boolean DEFAULT false NOT NULL
publishers,website,character varying
publishers,email,character varying
publishers,phone,character varying
publishers,address_line1,character varying
publishers,address_line2,character varying
publishers,city,character varying
publishers,state,character varying
publishers,postal_code,character varying
publishers,country,character varying
publishers,about,"""text"""
publishers,cover_image_id,"""uuid"""
publishers,publisher_image_id,"""uuid"""
publishers,publisher_gallery_id,"""uuid"""
publishers,founded_year,integer
publishers,country_id,"""uuid"""
publishers,created_at,"timestamp with time zone DEFAULT ""now""()"
publishers,updated_at,"timestamp with time zone DEFAULT ""now""()"
photo_album,id,"""uuid"" DEFAULT ""extensions"".""uuid_generate_v4""() NOT NULL"
photo_album,entity_id,integer NOT NULL
photo_album,entity_type,character varying(50) NOT NULL
photo_album,image_type_id,integer NOT NULL
photo_album,name,character varying(255) NOT NULL
photo_album,description,"""text"""
photo_album,created_at,"timestamp with time zone DEFAULT ""now""()"
photo_album,updated_at,"timestamp with time zone DEFAULT ""now""()"
photo_albums,id,"""uuid"" DEFAULT ""extensions"".""uuid_generate_v4""() NOT NULL"
photo_albums,name,character varying(255) NOT NULL
photo_albums,description,"""text"""
photo_albums,cover_image_id,"""uuid"""
photo_albums,owner_id,"""uuid"" NOT NULL"
photo_albums,is_public,boolean DEFAULT false
photo_albums,view_count,integer DEFAULT 0
photo_albums,like_count,integer DEFAULT 0
photo_albums,share_count,integer DEFAULT 0
photo_albums,album_type,character varying(50) NOT NULL
photo_albums,entity_id,"""uuid"""
photo_albums,entity_type,character varying(50)
photo_albums,metadata,"""jsonb"""
photo_albums,created_at,"timestamp with time zone DEFAULT ""now""()"
photo_albums,updated_at,"timestamp with time zone DEFAULT ""now""()"
photo_albums,deleted_at,timestamp with time zone
posts,id,"""uuid"" DEFAULT ""gen_random_uuid""() NOT NULL"
posts,user_id,"""uuid"" NOT NULL"
posts,content,"""text"" NOT NULL"
posts,image_url,"""text"""
posts,link_url,"""text"""
posts,created_at,"timestamp with time zone DEFAULT ""now""() NOT NULL"
posts,updated_at,"timestamp with time zone DEFAULT ""now""() NOT NULL"
posts,visibility,"""text"" DEFAULT 'public'::""text"" NOT NULL"
posts,allowed_user_ids,"""uuid""[]"
posts,is_hidden,boolean DEFAULT false NOT NULL
posts,is_deleted,boolean DEFAULT false NOT NULL
prices,id,"""uuid"" DEFAULT ""gen_random_uuid""() NOT NULL"
prices,book_id,"""uuid"" NOT NULL"
prices,price,numeric(10
prices,currency,"""text"" DEFAULT 'USD'::""text"" NOT NULL"
prices,created_at,"timestamp with time zone DEFAULT ""now""()"
prices,updated_at,"timestamp with time zone DEFAULT ""now""()"
prices,condition,character varying(50)
prices,merchant,character varying(255)
prices,total,numeric(10
prices,link,"""text"""
profiles,id,"""uuid"" DEFAULT ""gen_random_uuid""() NOT NULL"
profiles,user_id,"""uuid"" NOT NULL"
profiles,bio,"""text"""
profiles,created_at,"timestamp with time zone DEFAULT ""now""()"
profiles,updated_at,"timestamp with time zone DEFAULT ""now""()"
profiles,role,character varying(50) DEFAULT 'user'::character varying NOT NULL
promo_codes,id,"""uuid"" DEFAULT ""gen_random_uuid""() NOT NULL"
promo_codes,event_id,"""uuid"" NOT NULL"
promo_codes,code,"""text"" NOT NULL"
promo_codes,description,"""text"""
promo_codes,discount_type,"""text"""
promo_codes,discount_value,numeric NOT NULL
promo_codes,applies_to_ticket_types,"""uuid""[] DEFAULT '{}'::""uuid""[]"
promo_codes,max_uses,integer
promo_codes,current_uses,integer DEFAULT 0
promo_codes,start_date,timestamp with time zone
promo_codes,end_date,timestamp with time zone
promo_codes,is_active,boolean DEFAULT true
promo_codes,created_by,"""uuid"" NOT NULL"
promo_codes,created_at,"timestamp with time zone DEFAULT ""now""()"
promo_codes,updated_at,"timestamp with time zone DEFAULT ""now""()"
reactions,id,"""uuid"" DEFAULT ""gen_random_uuid""() NOT NULL"
reactions,user_id,"""uuid"" NOT NULL"
reactions,feed_entry_id,"""uuid"" NOT NULL"
reactions,type,"""text"" NOT NULL"
reactions,created_at,"timestamp with time zone DEFAULT ""now""() NOT NULL"
reactions,updated_at,"timestamp with time zone DEFAULT ""now""()"
reading_challenges,id,"""uuid"" DEFAULT ""extensions"".""uuid_generate_v4""() NOT NULL"
reading_challenges,user_id,"""uuid"" NOT NULL"
reading_challenges,year,integer NOT NULL
reading_challenges,target_books,integer NOT NULL
reading_challenges,books_read,integer DEFAULT 0 NOT NULL
reading_challenges,created_at,"timestamp with time zone DEFAULT ""now""()"
reading_challenges,updated_at,"timestamp with time zone DEFAULT ""now""()"
reading_goals,id,"""uuid"" DEFAULT ""extensions"".""uuid_generate_v4""() NOT NULL"
reading_goals,user_id,"""uuid"" NOT NULL"
reading_goals,goal_type,"""text"" NOT NULL"
reading_goals,target_value,integer NOT NULL
reading_goals,start_date,"""date"" NOT NULL"
reading_goals,end_date,"""date"" NOT NULL"
reading_goals,current_value,integer DEFAULT 0 NOT NULL
reading_goals,is_completed,boolean DEFAULT false NOT NULL
reading_goals,created_at,"timestamp with time zone DEFAULT ""now""()"
reading_goals,updated_at,"timestamp with time zone DEFAULT ""now""()"
reading_list_items,id,"""uuid"" DEFAULT ""extensions"".""uuid_generate_v4""() NOT NULL"
reading_list_items,list_id,"""uuid"" NOT NULL"
reading_list_items,added_at,"timestamp with time zone DEFAULT ""now""()"
reading_list_items,notes,"""text"""
reading_list_items,book_id,"""uuid"""
reading_lists,id,"""uuid"" DEFAULT ""extensions"".""uuid_generate_v4""() NOT NULL"
reading_lists,user_id,"""uuid"" NOT NULL"
reading_lists,name,character varying(100) NOT NULL
reading_lists,description,"""text"""
reading_lists,is_public,boolean DEFAULT false
reading_lists,created_at,"timestamp with time zone DEFAULT ""now""()"
reading_lists,updated_at,"timestamp with time zone DEFAULT ""now""()"
reading_progress,id,"""uuid"" DEFAULT ""extensions"".""uuid_generate_v4""() NOT NULL"
reading_progress,user_id,"""uuid"" NOT NULL"
reading_progress,status,"""text"" NOT NULL"
reading_progress,progress_percentage,integer DEFAULT 0 NOT NULL
reading_progress,start_date,timestamp with time zone
reading_progress,finish_date,timestamp with time zone
reading_progress,created_at,"timestamp with time zone DEFAULT ""now""()"
reading_progress,updated_at,"timestamp with time zone DEFAULT ""now""()"
reading_progress,book_id,"""uuid"""
reading_series,id,"""uuid"" DEFAULT ""gen_random_uuid""() NOT NULL"
reading_series,title,"""text"" NOT NULL"
reading_series,description,"""text"""
reading_series,publisher_id,integer
reading_series,organizer_id,"""uuid"" NOT NULL"
reading_series,cover_image_id,integer
reading_series,is_active,boolean DEFAULT true
reading_series,created_at,"timestamp with time zone DEFAULT ""now""()"
reading_series,updated_at,"timestamp with time zone DEFAULT ""now""()"
reading_series,author_id,"""uuid"""
reading_sessions,id,"""uuid"" NOT NULL"
reading_sessions,user_id,"""uuid"""
reading_sessions,book_id,"""uuid"""
reading_sessions,start_time,timestamp with time zone
reading_sessions,end_time,timestamp with time zone
reading_sessions,pages_read,integer
reading_sessions,minutes_spent,integer
reading_sessions,notes,"""text"""
reading_sessions,created_at,timestamp with time zone
reading_stats_daily,id,"""uuid"" DEFAULT ""extensions"".""uuid_generate_v4""() NOT NULL"
reading_stats_daily,user_id,"""uuid"" NOT NULL"
reading_stats_daily,date,"""date"" NOT NULL"
reading_stats_daily,total_pages,integer DEFAULT 0 NOT NULL
reading_stats_daily,total_minutes,integer DEFAULT 0 NOT NULL
reading_stats_daily,books_read,integer DEFAULT 0 NOT NULL
reading_stats_daily,books_started,integer DEFAULT 0 NOT NULL
reading_stats_daily,books_finished,integer DEFAULT 0 NOT NULL
reading_stats_daily,created_at,"timestamp with time zone DEFAULT ""now""()"
reading_stats_daily,updated_at,"timestamp with time zone DEFAULT ""now""()"
reading_streaks,id,"""uuid"" DEFAULT ""extensions"".""uuid_generate_v4""() NOT NULL"
reading_streaks,user_id,"""uuid"" NOT NULL"
reading_streaks,start_date,"""date"" NOT NULL"
reading_streaks,end_date,"""date"" NOT NULL"
reading_streaks,days,integer NOT NULL
reading_streaks,is_active,boolean DEFAULT true NOT NULL
reading_streaks,created_at,"timestamp with time zone DEFAULT ""now""()"
reading_streaks,updated_at,"timestamp with time zone DEFAULT ""now""()"
review_likes,id,"""uuid"" DEFAULT ""extensions"".""uuid_generate_v4""() NOT NULL"
review_likes,user_id,"""uuid"" NOT NULL"
review_likes,review_id,"""uuid"" NOT NULL"
review_likes,created_at,"timestamp with time zone DEFAULT ""now""()"
review_likes,updated_at,"timestamp with time zone DEFAULT ""now""()"
reviews,id,"""uuid"" DEFAULT ""gen_random_uuid""() NOT NULL"
reviews,user_id,"""uuid"" NOT NULL"
reviews,book_id,"""uuid"" NOT NULL"
reviews,rating,integer NOT NULL
reviews,review_text,"""text"""
reviews,created_at,"timestamp with time zone DEFAULT ""now""()"
reviews,updated_at,"timestamp with time zone DEFAULT ""now""()"
roles,id,"""uuid"" DEFAULT ""extensions"".""uuid_generate_v4""() NOT NULL"
roles,name,character varying
roles,created_at,timestamp with time zone
roles,updated_at,timestamp with time zone
series_events,series_id,"""uuid"" NOT NULL"
series_events,event_id,"""uuid"" NOT NULL"
series_events,event_number,integer
series_events,created_at,"timestamp with time zone DEFAULT ""now""()"
session_registrations,id,"""uuid"" DEFAULT ""gen_random_uuid""() NOT NULL"
session_registrations,session_id,"""uuid"" NOT NULL"
session_registrations,user_id,"""uuid"" NOT NULL"
session_registrations,registration_status,"""text"""
session_registrations,registration_time,"timestamp with time zone DEFAULT ""now""()"
session_registrations,check_in_time,timestamp with time zone
session_registrations,created_at,"timestamp with time zone DEFAULT ""now""()"
session_registrations,updated_at,"timestamp with time zone DEFAULT ""now""()"
similar_books,id,"""uuid"" DEFAULT ""gen_random_uuid""() NOT NULL"
similar_books,book_id,"""uuid"" NOT NULL"
similar_books,similar_book_id,"""uuid"" NOT NULL"
similar_books,similarity_score,numeric
similar_books,created_at,"timestamp with time zone DEFAULT ""now""()"
statuses,id,"""uuid"" DEFAULT ""extensions"".""uuid_generate_v4""() NOT NULL"
statuses,name,character varying
statuses,created_at,timestamp with time zone
statuses,updated_at,timestamp with time zone
subjects,id,"""uuid"" DEFAULT ""gen_random_uuid""() NOT NULL"
subjects,name,"""text"" NOT NULL"
subjects,parent_id,"""uuid"""
subjects,created_at,"timestamp with time zone DEFAULT ""now""()"
subjects,updated_at,"timestamp with time zone DEFAULT ""now""()"
survey_questions,id,"""uuid"" DEFAULT ""gen_random_uuid""() NOT NULL"
survey_questions,survey_id,"""uuid"" NOT NULL"
survey_questions,question,"""text"" NOT NULL"
survey_questions,question_type,"""text"""
survey_questions,options,"""jsonb"""
survey_questions,is_required,boolean DEFAULT false
survey_questions,display_order,integer
survey_questions,created_at,"timestamp with time zone DEFAULT ""now""()"
survey_questions,updated_at,"timestamp with time zone DEFAULT ""now""()"
survey_responses,id,"""uuid"" DEFAULT ""gen_random_uuid""() NOT NULL"
survey_responses,survey_id,"""uuid"" NOT NULL"
survey_responses,user_id,"""uuid"""
survey_responses,registration_id,"""uuid"""
survey_responses,response_data,"""jsonb"" NOT NULL"
survey_responses,created_at,"timestamp with time zone DEFAULT ""now""()"
sync_state,id,"""uuid"" DEFAULT ""extensions"".""uuid_generate_v4""() NOT NULL"
sync_state,type,"""text"" NOT NULL"
sync_state,last_synced_date,timestamp with time zone NOT NULL
sync_state,current_page,integer DEFAULT 1 NOT NULL
sync_state,total_books,integer DEFAULT 0 NOT NULL
sync_state,processed_books,integer DEFAULT 0 NOT NULL
sync_state,status,"""text"" DEFAULT 'idle'::""text"" NOT NULL"
sync_state,error,"""text"""
sync_state,created_at,"timestamp with time zone DEFAULT ""now""() NOT NULL"
sync_state,updated_at,"timestamp with time zone DEFAULT ""now""() NOT NULL"
tags,id,"""uuid"" DEFAULT ""gen_random_uuid""() NOT NULL"
tags,name,"""text"" NOT NULL"
tags,created_at,"timestamp with time zone DEFAULT ""now""()"
tags,updated_at,"timestamp with time zone DEFAULT ""now""()"
ticket_benefits,id,"""uuid"" DEFAULT ""gen_random_uuid""() NOT NULL"
ticket_benefits,ticket_type_id,"""uuid"" NOT NULL"
ticket_benefits,name,"""text"" NOT NULL"
ticket_benefits,description,"""text"""
ticket_benefits,icon,"""text"""
ticket_benefits,display_order,integer
ticket_benefits,created_at,"timestamp with time zone DEFAULT ""now""()"
ticket_benefits,updated_at,"timestamp with time zone DEFAULT ""now""()"
ticket_types,id,"""uuid"" DEFAULT ""gen_random_uuid""() NOT NULL"
ticket_types,event_id,"""uuid"" NOT NULL"
ticket_types,name,"""text"" NOT NULL"
ticket_types,description,"""text"""
ticket_types,price,numeric NOT NULL
ticket_types,currency,"""text"" DEFAULT 'USD'::""text"""
ticket_types,quantity_total,integer
ticket_types,quantity_sold,integer DEFAULT 0
ticket_types,is_active,boolean DEFAULT true
ticket_types,sale_start_date,timestamp with time zone
ticket_types,sale_end_date,timestamp with time zone
ticket_types,min_per_order,integer DEFAULT 1
ticket_types,max_per_order,integer DEFAULT 10
ticket_types,has_waitlist,boolean DEFAULT false
ticket_types,includes_features,"""jsonb"""
ticket_types,visibility,"""text"""
ticket_types,access_code,"""text"""
ticket_types,display_order,integer
ticket_types,created_at,"timestamp with time zone DEFAULT ""now""()"
ticket_types,updated_at,"timestamp with time zone DEFAULT ""now""()"
tickets,id,"""uuid"" DEFAULT ""gen_random_uuid""() NOT NULL"
tickets,event_id,"""uuid"" NOT NULL"
tickets,ticket_type_id,"""uuid"" NOT NULL"
tickets,registration_id,"""uuid"" NOT NULL"
tickets,user_id,"""uuid"" NOT NULL"
tickets,ticket_number,"""text"" NOT NULL"
tickets,status,"""text"""
tickets,purchase_price,numeric NOT NULL
tickets,currency,"""text"" DEFAULT 'USD'::""text"""
tickets,attendee_name,"""text"""
tickets,attendee_email,"""text"""
tickets,checked_in_at,timestamp with time zone
tickets,checked_in_by,"""uuid"""
tickets,qr_code,"""text"""
tickets,barcode,"""text"""
tickets,ticket_pdf_url,"""text"""
tickets,access_code,"""text"""
tickets,created_at,"timestamp with time zone DEFAULT ""now""()"
tickets,updated_at,"timestamp with time zone DEFAULT ""now""()"
user_book_interactions,id,"""uuid"" DEFAULT ""extensions"".""uuid_generate_v4""() NOT NULL"
user_book_interactions,user_id,"""uuid"" NOT NULL"
user_book_interactions,interaction_type,"""text"" NOT NULL"
user_book_interactions,interaction_value,double precision
user_book_interactions,created_at,"timestamp with time zone DEFAULT ""now""()"
user_book_interactions,updated_at,"timestamp with time zone DEFAULT ""now""()"
user_book_interactions,book_id,"""uuid"""
user_reading_preferences,id,"""uuid"" DEFAULT ""extensions"".""uuid_generate_v4""() NOT NULL"
user_reading_preferences,user_id,"""uuid"" NOT NULL"
user_reading_preferences,favorite_genres,"""text""[] DEFAULT '{}'::""text""[]"
user_reading_preferences,favorite_authors,"""text""[] DEFAULT '{}'::""text""[]"
user_reading_preferences,disliked_genres,"""text""[] DEFAULT '{}'::""text""[]"
user_reading_preferences,preferred_length,"""text"" DEFAULT 'medium'::""text"""
user_reading_preferences,preferred_complexity,"""text"" DEFAULT 'medium'::""text"""
user_reading_preferences,preferred_publication_era,"""text"" DEFAULT 'any'::""text"""
user_reading_preferences,created_at,"timestamp with time zone DEFAULT ""now""()"
user_reading_preferences,updated_at,"timestamp with time zone DEFAULT ""now""()"
